{
  "flag": true,
  "msg": "SUCCESS",
  "data": {
    "name": "科大讯飞2",
    "unit": "科大讯飞股份有限公司",
    "phone": "4000199199",
    "address": "合肥市望江西路666号",
    "content": "科大讯飞股份有限公司，中国智能语音与人工智能产业领导者。公司成立于1999年，在语音合成、语音识别、口语评测、语言翻译、声纹识别、人脸识别、自然语言处理等智能语音与人工智能核心技术上代表国际最高水平。2008年在深圳证券交易所挂牌上市，股票代码：002230。"
  }
}